{
  "n_trials_per_sampler": 100,
  "total_trials": 200,
  "quantization_types": [
    "Linear",
    "LinearInteger",
    "LinearMinifloatIEEE",
    "LinearLog"
  ],
  "samplers": {
    "RandomSampler": {
      "trial_accuracies": [
        0.85932,
        0.85148,
        0.5,
        0.85472,
        0.855,
        0.85692,
        0.86036,
        0.85032,
        0.85644,
        0.8554,
        0.5,
        0.85788,
        0.85604,
        0.85656,
        0.8548,
        0.85892,
        0.85056,
        0.5,
        0.8552,
        0.85528,
        0.85728,
        0.85972,
        0.85096,
        0.85764,
        0.85536,
        0.5,
        0.85764,
        0.85576,
        0.85596,
        0.85644,
        0.85868,
        0.85128,
        0.5,
        0.8556,
        0.85464,
        0.85752,
        0.86012,
        0.84984,
        0.85788,
        0.85392,
        0.5,
        0.85632,
        0.85416,
        0.85668,
        0.85568,
        0.85476,
        0.85568,
        0.84464,
        0.85272,
        0.85424,
        0.85692,
        0.85416,
        0.85116,
        0.85212,
        0.85016,
        0.85392,
        0.8502,
        0.85112,
        0.85856,
        0.85788,
        0.85792,
        0.5,
        0.8506,
        0.85656,
        0.85576,
        0.85252,
        0.8522,
        0.85492,
        0.85736,
        0.85976,
        0.8474,
        0.855,
        0.85792,
        0.85184,
        0.85868,
        0.84628,
        0.85248,
        0.5,
        0.856,
        0.84528,
        0.84932,
        0.85932,
        0.85348,
        0.85648,
        0.84608,
        0.85356,
        0.85728,
        0.85772,
        0.85284,
        0.85644,
        0.85588,
        0.85212,
        0.8542,
        0.85008,
        0.85668,
        0.85364,
        0.85592,
        0.85516,
        0.85384,
        0.8566
      ],
      "best_so_far": [
        0.85932,
        0.85932,
        0.85932,
        0.85932,
        0.85932,
        0.85932,
        0.86036,
        0.86036,
        0.86036,
        0.86036,
        0.86036,
        0.86036,
        0.86036,
        0.86036,
        0.86036,
        0.86036,
        0.86036,
        0.86036,
        0.86036,
        0.86036,
        0.86036,
        0.86036,
        0.86036,
        0.86036,
        0.86036,
        0.86036,
        0.86036,
        0.86036,
        0.86036,
        0.86036,
        0.86036,
        0.86036,
        0.86036,
        0.86036,
        0.86036,
        0.86036,
        0.86036,
        0.86036,
        0.86036,
        0.86036,
        0.86036,
        0.86036,
        0.86036,
        0.86036,
        0.86036,
        0.86036,
        0.86036,
        0.86036,
        0.86036,
        0.86036,
        0.86036,
        0.86036,
        0.86036,
        0.86036,
        0.86036,
        0.86036,
        0.86036,
        0.86036,
        0.86036,
        0.86036,
        0.86036,
        0.86036,
        0.86036,
        0.86036,
        0.86036,
        0.86036,
        0.86036,
        0.86036,
        0.86036,
        0.86036,
        0.86036,
        0.86036,
        0.86036,
        0.86036,
        0.86036,
        0.86036,
        0.86036,
        0.86036,
        0.86036,
        0.86036,
        0.86036,
        0.86036,
        0.86036,
        0.86036,
        0.86036,
        0.86036,
        0.86036,
        0.86036,
        0.86036,
        0.86036,
        0.86036,
        0.86036,
        0.86036,
        0.86036,
        0.86036,
        0.86036,
        0.86036,
        0.86036,
        0.86036,
        0.86036
      ],
      "best_accuracy": 0.86036,
      "best_params": {
        "bert.encoder.layer.0.attention.self.query_type_idx": "0",
        "bert.encoder.layer.0.attention.self.key_type_idx": "0",
        "bert.encoder.layer.0.attention.self.value_type_idx": "0",
        "bert.encoder.layer.0.attention.output.dense_type_idx": "1",
        "bert.encoder.layer.0.attention.output.dense_data_in_width": "16",
        "bert.encoder.layer.0.attention.output.dense_weight_width": "32",
        "bert.encoder.layer.0.attention.output.dense_data_in_frac_width": "8",
        "bert.encoder.layer.0.attention.output.dense_weight_frac_width": "2",
        "bert.encoder.layer.0.intermediate.dense_type_idx": "0",
        "bert.encoder.layer.0.output.dense_type_idx": "2",
        "bert.encoder.layer.0.output.dense_mf_data_in_width": "8",
        "bert.encoder.layer.0.output.dense_mf_data_in_exp_width": "4",
        "bert.encoder.layer.0.output.dense_mf_weight_width": "32",
        "bert.encoder.layer.0.output.dense_mf_weight_exp_width": "5",
        "bert.encoder.layer.1.attention.self.query_type_idx": "1",
        "bert.encoder.layer.1.attention.self.query_data_in_width": "8",
        "bert.encoder.layer.1.attention.self.query_weight_width": "8",
        "bert.encoder.layer.1.attention.self.query_data_in_frac_width": "8",
        "bert.encoder.layer.1.attention.self.query_weight_frac_width": "4",
        "bert.encoder.layer.1.attention.self.key_type_idx": "2",
        "bert.encoder.layer.1.attention.self.key_mf_data_in_width": "8",
        "bert.encoder.layer.1.attention.self.key_mf_data_in_exp_width": "5",
        "bert.encoder.layer.1.attention.self.key_mf_weight_width": "16",
        "bert.encoder.layer.1.attention.self.key_mf_weight_exp_width": "4",
        "bert.encoder.layer.1.attention.self.value_type_idx": "0",
        "bert.encoder.layer.1.attention.output.dense_type_idx": "2",
        "bert.encoder.layer.1.attention.output.dense_mf_data_in_width": "16",
        "bert.encoder.layer.1.attention.output.dense_mf_data_in_exp_width": "3",
        "bert.encoder.layer.1.attention.output.dense_mf_weight_width": "16",
        "bert.encoder.layer.1.attention.output.dense_mf_weight_exp_width": "5",
        "bert.encoder.layer.1.intermediate.dense_type_idx": "1",
        "bert.encoder.layer.1.intermediate.dense_data_in_width": "8",
        "bert.encoder.layer.1.intermediate.dense_weight_width": "32",
        "bert.encoder.layer.1.intermediate.dense_data_in_frac_width": "8",
        "bert.encoder.layer.1.intermediate.dense_weight_frac_width": "8",
        "bert.encoder.layer.1.output.dense_type_idx": "2",
        "bert.encoder.layer.1.output.dense_mf_data_in_width": "16",
        "bert.encoder.layer.1.output.dense_mf_data_in_exp_width": "5",
        "bert.encoder.layer.1.output.dense_mf_weight_width": "32",
        "bert.encoder.layer.1.output.dense_mf_weight_exp_width": "3",
        "bert.pooler.dense_type_idx": "0",
        "classifier_type_idx": "2",
        "classifier_mf_data_in_width": "32",
        "classifier_mf_data_in_exp_width": "3",
        "classifier_mf_weight_width": "16",
        "classifier_mf_weight_exp_width": "4"
      }
    },