{
  "experiment": "exp2_training_equivalence",
  "config": {
    "hidden_size": 256,
    "num_layers": 4,
    "num_heads": 8,
    "num_steps": 50,
    "batch_size": 4,
    "seq_len": 256,
    "lr": 0.001,
    "seed": 42,
    "dtype": "torch.float32",
    "device": "NVIDIA L40S"
  },
  "metrics": {
    "losses_sdpa": [
      6.298673629760742,
      6.281167030334473,
      6.310336589813232,
      6.3099894523620605,
      6.290465831756592,
      6.2949934005737305,
      6.302667617797852,
      6.286745071411133,
      6.287491798400879,
      6.28803825378418,
      6.286083698272705,
      6.290914535522461,
      6.282659530639648,
      6.28544807434082,
      6.2644267082214355,
      6.2617621421813965,
      6.281545162200928,
      6.281783103942871,
      6.278037071228027,
      6.285905361175537,
      6.294122219085693,
      6.291958808898926,
      6.271306037902832,
      6.300782680511475,
      6.288817405700684,
      6.276941776275635,
      6.281887054443359,
      6.270734786987305,
      6.273952960968018,
      6.27235221862793,
      6.2724504470825195,
      6.254769325256348,
      6.2775959968566895,
      6.264003276824951,
      6.267299652099609,
      6.272723197937012,
      6.265807151794434,
      6.2714643478393555,
      6.279505729675293,
      6.2676920890808105,
      6.253493785858154,
      6.262353420257568,
      6.246823310852051,
      6.273417949676514,
      6.270134449005127,
      6.25969934463501,
      6.27003288269043,
      6.268932819366455,
      6.264847755432129,
      6.2695207595825195
    ],
    "losses_flex": [
      6.298673629760742,
      6.281167507171631,
      6.310336589813232,
      6.309990882873535,
      6.290466785430908,
      6.2949934005737305,
      6.30266809463501,
      6.286746025085449,
      6.287491798400879,
      6.28803825378418,
      6.286083698272705,
      6.2909135818481445,
      6.282660007476807,
      6.285449028015137,
      6.264426231384277,
      6.2617621421813965,
      6.281545162200928,
      6.281783103942871,
      6.278038024902344,
      6.285905361175537,
      6.294122219085693,
      6.291959762573242,
      6.271306991577148,
      6.300782680511475,
      6.288817882537842,
      6.276940822601318,
      6.281887531280518,
      6.2707343101501465,
      6.273952960968018,
      6.27235221862793,
      6.272449970245361,
      6.254769802093506,
      6.277596950531006,
      6.264002799987793,
      6.267299175262451,
      6.272723197937012,
      6.265807628631592,
      6.271464824676514,
      6.279506206512451,
      6.267692565917969,
      6.2534942626953125,
      6.262353420257568,
      6.246823787689209,
      6.273416996002197,
      6.270133972167969,
      6.259699821472168,
      6.270033836364746,
      6.268932819366455,
      6.264848232269287,
      6.269521236419678
    ],
    "grads_sdpa": [
      0.013521336950361729,
      0.013159296475350857,
      0.010948370210826397,
      0.00723537290468812,
      0.007352867629379034,
      0.0066936020739376545,
      0.005059308838099241,
      0.0037817521952092648,
      0.003034173045307398,
      0.002307774731889367,
      0.0021105464547872543,
      0.0018249860731884837,
      0.0019690985791385174,
      0.0013743829913437366,
      0.0011744628427550197,
      0.0014592694351449609,
      0.0010300183203071356,
      0.0010020771296694875,
      0.0008920261170715094,
      0.0008993957890197635,
      0.0007465010276064277,
      0.0023779573384672403,
      0.0008508997852914035,
      0.0015135356225073338,
      0.0007013535359874368,
      0.0006919310544617474,
      0.0007629751926288009,
      0.0007880078628659248,
      0.0014398738276213408,
      0.0006680919323116541,
      0.0007246914319694042,
      0.0005776517791673541,
      0.000602859421633184,
      0.0005978300468996167,
      0.000741132942494005,
      0.0005479349056258798,
      0.0007339339354075491,
      0.0005729750846512616,
      0.0006543781491927803,
      0.0005828193970955908,
      0.0006502462783828378,
      0.0006588054820895195,
      0.0006880527944304049,
      0.000632379378657788,
      0.0008152565569616854,
      0.000663181534036994,
      0.0005711495759896934,
      0.0005306554958224297,
      0.00048303414951078594,
      0.0008984840824268758
    ],
    "grads_flex": [
      0.01352133508771658,
      0.013159296475350857,
      0.01094835065305233,
      0.007235377561300993,
      0.007352827582508326,
      0.006693624891340733,
      0.0050592683255672455,
      0.003781745908781886,
      0.0030341579113155603,
      0.002307757968083024,
      0.0021105415653437376,
      0.0018249530112370849,
      0.0019690818153321743,
      0.0013743623858317733,
      0.0011744534131139517,
      0.0014592834049835801,
      0.0010300023714080453,
      0.0010020704939961433,
      0.0008920198888517916,
      0.0008993887458927929,
      0.0007464971859008074,
      0.002378166653215885,
      0.0008509067120030522,
      0.0015132399275898933,
      0.0007013499271124601,
      0.0006919194129295647,
      0.0007630126783624291,
      0.0007880341727286577,
      0.001440135994926095,
      0.0006680811056867242,
      0.0007246959139592946,
      0.0005776484031230211,
      0.0006028540665283799,
      0.0005978219560347497,
      0.0007411024998873472,
      0.000547929375898093,
      0.0007339033763855696,
      0.000572969380300492,
      0.0006543719791807234,
      0.0005828061257489026,
      0.0006502260221168399,
      0.0006587617099285126,
      0.0006880559958517551,
      0.0006323739653453231,
      0.0008152414811775088,
      0.0006631558644585311,
      0.0005711365956813097,
      0.0005306412349455059,
      0.0004830299294553697,
      0.0008985218009911478
    ],
    "max_loss_diff": 1.430511474609375e-06,
    "max_grad_diff": 2.9569491744041443e-07
  }
}