{
  "experiment": "exp5_oom_limit",
  "config": {
    "hidden_size": 2048,
    "batch_size": 1,
    "window_size": 256,
    "device": "NVIDIA L40S"
  },
  "limits": {
    "inference": {
      "SDPA causal": {
        "max_seq_len": 131072,
        "peak_mem_mb": 14245.25439453125
      },
      "SDPA sliding_window(256)": {
        "max_seq_len": 32768,
        "peak_mem_mb": 12296.625
      },
      "Flex causal": {
        "max_seq_len": 32768,
        "peak_mem_mb": 13508.32080078125
      },
      "Flex sliding_window(256)": {
        "max_seq_len": 32768,
        "peak_mem_mb": 13508.32177734375
      }
    },
    "training": {
      "SDPA causal": {
        "max_seq_len": 16384,
        "peak_mem_mb": 33758.69287109375
      },
      "SDPA sliding_window(256)": {
        "max_seq_len": 16384,
        "peak_mem_mb": 33733.19287109375
      },
      "Flex causal": {
        "max_seq_len": 16384,
        "peak_mem_mb": 32226.73193359375
      },
      "Flex sliding_window(256)": {
        "max_seq_len": 16384,
        "peak_mem_mb": 32226.73193359375
      }
    }
  }
}