{
  "experiment": "exp9_batch_sensitivity",
  "config": {
    "hidden_size": 2048,
    "num_layers": 16,
    "num_heads": 16,
    "num_kv_heads": 4,
    "seq_len": 1024,
    "dtype": "torch.bfloat16",
    "device": "NVIDIA L40S"
  },
  "benchmarks": {
    "SDPA causal": {
      "1": {
        "mean_ms": 13.441427230834961,
        "std_ms": 0.18129860156098984,
        "min_ms": 13.036543846130371,
        "max_ms": 13.607935905456543,
        "peak_memory_mb": 1734.76220703125
      },
      "2": {
        "mean_ms": 22.44597759246826,
        "std_ms": 0.06607069803452945,
        "min_ms": 22.384639739990234,
        "max_ms": 22.601728439331055,
        "peak_memory_mb": 1834.27001953125
      },
      "4": {
        "mean_ms": 43.215155029296874,
        "std_ms": 0.14769093113924234,
        "min_ms": 43.029502868652344,
        "max_ms": 43.50668716430664,
        "peak_memory_mb": 2030.28564453125
      },
      "8": {
        "mean_ms": 97.73086929321289,
        "std_ms": 0.1346183192177377,
        "min_ms": 97.52374267578125,
        "max_ms": 97.96300506591797,
        "peak_memory_mb": 2424.31689453125
      }
    },
    "Flex causal": {
      "1": {
        "mean_ms": 13.757440090179443,
        "std_ms": 0.12464728065890779,
        "min_ms": 13.485055923461914,
        "max_ms": 13.932543754577637,
        "peak_memory_mb": 1734.83251953125
      },
      "2": {
        "mean_ms": 22.678524589538576,
        "std_ms": 0.06439578496609921,
        "min_ms": 22.605823516845703,
        "max_ms": 22.808576583862305,
        "peak_memory_mb": 1834.34033203125
      },
      "4": {
        "mean_ms": 43.1272891998291,
        "std_ms": 0.14656805716295135,
        "min_ms": 42.94246292114258,
        "max_ms": 43.375614166259766,
        "peak_memory_mb": 2030.35595703125
      },
      "8": {
        "mean_ms": 96.40826950073242,
        "std_ms": 0.11110137641125536,
        "min_ms": 96.2344970703125,
        "max_ms": 96.61746978759766,
        "peak_memory_mb": 2424.38720703125
      }
    }
  }
}