{
  "base_accuracy": 0.82172,
  "quantization": {
    "widths": [
      4,
      8,
      12,
      16,
      20,
      24,
      28,
      32
    ],
    "ptq_acc": [
      0.5,
      0.79224,
      0.82272,
      0.821,
      0.82136,
      0.82192,
      0.82176,
      0.8218
    ],
    "qat_acc": [
      0.5,
      0.83376,
      0.83564,
      0.83568,
      0.83576,
      0.83568,
      0.83556,
      0.83556
    ]
  },
  "pruning": {
    "sparsities": [
      0.1,
      0.2,
      0.3,
      0.4,
      0.5,
      0.6,
      0.7,
      0.8,
      0.9
    ],
    "random_acc": [
      0.81704,
      0.79748,
      0.77176,
      0.63852,
      0.51476,
      0.50164,
      0.5,
      0.49932,
      0.50336
    ],
    "l1_acc": [
      0.84068,
      0.83972,
      0.83424,
      0.82924,
      0.81908,
      0.80748,
      0.77768,
      0.60388,
      0.56184
    ]
  },
  "best_quantization_width": 20
}