{"[0, 4, 4, 2, 4, 0]": {"epe_nas": 181.17727698487303, "fisher": 0.01953590288758278, "grad_norm": 3.7437503337860107, "grasp": -0.6606612205505371, "jacov": -121.16882856794506, "l2_norm": 78.62374877929688, "nwot": 357.4278914572194, "plain": 0.1392592489719391, "snip": 6.2557477951049805, "synflow": 51.95788500705411, "zen": 171.14439392089844, "flops": 47.634112, "params": 0.316346}, "[2, 3, 4, 2, 3, 4]": {"epe_nas": 305.9106351348406, "fisher": 0.32794618606567383, "grad_norm": 28.433340072631836, "grasp": 20.977153778076172, "jacov": -37.256684770057404, "l2_norm": 232.0515899658203, "nwot": 403.0830338705113, "plain": 0.08133697509765625, "snip": 71.64569091796875, "synflow": 84.51262112416372, "zen": 120.41755676269531, "flops": 90.887872, "params": 0.615386}, "[2, 0, 1, 2, 1, 4]": {"epe_nas": 315.56752848196584, "fisher": 0.6049066185951233, "grad_norm": 52.86167907714844, "grasp": 33.34971618652344, "jacov": -34.44827544263155, "l2_norm": 129.78689575195312, "nwot": 382.16859078778674, "plain": 0.037025850266218185, "snip": 94.69105529785156, "synflow": 79.5672334046105, "zen": 73.26102447509766, "flops": 80.873152, "params": 0.559386}, "[1, 4, 4, 1, 4, 3]": {"epe_nas": 228.72715408647977, "fisher": 0.21123561263084412, "grad_norm": 18.55590057373047, "grasp": 10.85990047454834, "jacov": -43.57422603791261, "l2_norm": 78.85011291503906, "nwot": 362.64392232295626, "plain": 0.28978216648101807, "snip": 32.526546478271484, "synflow": 36.10504212568102, "zen": 39.62894058227539, "flops": 16.176832, "params": 0.101306}, "[3, 2, 3, 0, 2, 4]": {"epe_nas": 430.24316488404634, "fisher": 1.8945035934448242, "grad_norm": 79.4140625, "grasp": 140.03070068359375, "jacov": -32.298598722985716, "l2_norm": 231.30035400390625, "nwot": 404.95122747600095, "plain": -0.04010487720370293, "snip": 136.93643188476562, "synflow": 70.51595836053677, "zen": 98.04064178466797, "flops": 89.597632, "params": 0.615386}, "[4, 4, 2, 2, 3, 2]": {"epe_nas": 311.1260907859434, "fisher": 0.8910837173461914, "grad_norm": 78.49015808105469, "grasp": 15.930534362792969, "jacov": -35.16592152884862, "l2_norm": 232.08303833007812, "nwot": 404.4807555512471, "plain": 0.08506198972463608, "snip": 124.26119232177734, "synflow": 83.22432858252354, "zen": 116.06904602050781, "flops": 122.345152, "params": 0.830426}, "[4, 4, 4, 2, 2, 3]": {"epe_nas": 270.0084074821705, "fisher": 0.22240760922431946, "grad_norm": 29.974231719970703, "grasp": 9.314569473266602, "jacov": -43.782663873489255, "l2_norm": 180.99697875976562, "nwot": 391.2067774173987, "plain": 0.30365169048309326, "snip": 58.85627365112305, "synflow": 69.83823280266644, "zen": 136.3173828125, "flops": 87.815872, "params": 0.587386}, "[2, 4, 2, 2, 0, 0]": {"epe_nas": 375.4200692172074, "fisher": 0.20251776278018951, "grad_norm": 29.568098068237305, "grasp": 7.555299758911133, "jacov": -32.60395337671646, "l2_norm": 180.95579528808594, "nwot": 394.5039402206407, "plain": 0.15475735068321228, "snip": 58.38673782348633, "synflow": 83.0053230668611, "zen": 127.21427917480469, "flops": 116.692672, "params": 0.802426}}