{
  "config": {
    "hidden_size": 128,
    "num_layers": 2,
    "num_heads": 4,
    "num_kv_heads": 2,
    "vocab_size": 512,
    "seq_len": 128,
    "batch_size": 8,
    "lr": 0.001,
    "num_epochs": 3,
    "num_samples": 1000,
    "device": "cuda",
    "dtype": "torch.float32"
  },
  "sdpa": {
    "losses": [
      6.261085510253906,
      6.2582926750183105,
      6.266801834106445,
      6.258862495422363,
      6.259743690490723,
      6.2631916999816895,
      6.273924350738525,
      6.262192726135254,
      6.274969100952148,
      6.253499507904053,
      6.267638206481934,
      6.275466442108154,
      6.272403717041016,
      6.255808353424072,
      6.266768932342529,
      6.273281574249268,
      6.272700786590576,
      6.264955520629883,
      6.262014389038086,
      6.260274887084961,
      6.262604713439941,
      6.270054817199707,
      6.258791923522949,
      6.253093719482422,
      6.270520210266113,
      6.246302604675293,
      6.2558488845825195,
      6.265054702758789,
      6.251332759857178,
      6.258722305297852,
      6.260960578918457,
      6.263104438781738,
      6.26686429977417,
      6.2495036125183105,
      6.2582011222839355,
      6.267751693725586,
      6.260775566101074,
      6.2546772956848145,
      6.2587361335754395,
      6.2586445808410645,
      6.263000011444092,
      6.256754398345947,
      6.264110565185547,
      6.2641096115112305,
      6.258033752441406,
      6.258617877960205,
      6.254657745361328,
      6.257218837738037,
      6.25333309173584,
      6.257432460784912,
      6.263513088226318,
      6.252805709838867,
      6.253555774688721,
      6.255985260009766,
      6.255626678466797,
      6.246232509613037,
      6.250185012817383,
      6.245842456817627,
      6.258248805999756,
      6.260461330413818,
      6.262136936187744,
      6.248554706573486,
      6.255781173706055,
      6.259620666503906,
      6.256845474243164,
      6.256399631500244,
      6.258412837982178,
      6.247531414031982,
      6.257152557373047,
      6.249038219451904,
      6.249352931976318,
      6.251262664794922,
      6.251013278961182,
      6.250887870788574,
      6.249739170074463,
      6.254232883453369,
      6.252501964569092,
      6.250189304351807,
      6.255781650543213,
      6.248299598693848,
      6.263233184814453,
      6.253267765045166,
      6.255749225616455,
      6.249549865722656,
      6.260991096496582,
      6.24632453918457,
      6.257035255432129,
      6.250968933105469,
      6.249556064605713,
      6.241347789764404,
      6.245023727416992,
      6.2527594566345215,
      6.252867698669434,
      6.257532596588135,
      6.254370212554932,
      6.254836082458496,
      6.24451208114624,
      6.242698669433594,
      6.252140045166016,
      6.2515106201171875,
      6.246513366699219,
      6.253243446350098,
      6.253290176391602,
      6.24992036819458,
      6.254507541656494,
      6.246675491333008,
      6.2508134841918945,
      6.253093242645264,
      6.246408939361572,
      6.241649627685547,
      6.249638080596924,
      6.2472662925720215,
      6.2515411376953125,
      6.24905252456665,
      6.248709678649902,
      6.246376037597656,
      6.251445293426514,
      6.244195461273193,
      6.250072479248047,
      6.251462936401367,
      6.248271465301514,
      6.248338222503662,
      6.240426063537598,
      6.250601291656494,
      6.249571800231934,
      6.227499485015869,
      6.231570243835449,
      6.235307693481445,
      6.239371299743652,
      6.23342752456665,
      6.234800338745117,
      6.237796783447266,
      6.224747657775879,
      6.24311637878418,
      6.241698265075684,
      6.236043453216553,
      6.228042125701904,
      6.229447841644287,
      6.230470657348633,
      6.225340843200684,
      6.2228684425354,
      6.213980197906494,
      6.196530342102051,
      6.195987224578857,
      6.190237522125244,
      6.182465076446533,
      6.18937873840332,
      6.1924967765808105,
      6.194877624511719,
      6.198249340057373,
      6.207945346832275,
      6.206375598907471,
      6.2167887687683105,
      6.215174674987793,
      6.2155070304870605,
      6.218320369720459,
      6.216376781463623,
      6.240592956542969,
      6.218678951263428,
      6.243487358093262,
      6.2371296882629395,
      6.235938549041748,
      6.235560894012451,
      6.235788345336914,
      6.24951696395874,
      6.236003398895264,
      6.251266002655029,
      6.250881195068359,
      6.25531005859375,
      6.238288879394531,
      6.251079559326172,
      6.247077941894531,
      6.254719257354736,
      6.242629051208496,
      6.247346878051758,
      6.244245529174805,
      6.240591049194336,
      6.2462053298950195,
      6.247656345367432,
      6.242228031158447,
      6.246481895446777,
      6.2428107261657715,
      6.244082450866699,
      6.23930549621582,
      6.2527174949646,
      6.247150421142578,
      6.237548828125,
      6.249876499176025,
      6.242837905883789,
      6.248943328857422,
      6.246846675872803,
      6.244637966156006,
      6.239495754241943,
      6.249167442321777,
      6.240532875061035,
      6.2437567710876465,
      6.250758171081543,
      6.2363739013671875,
      6.245138168334961,
      6.2462849617004395,
      6.244608402252197,
      6.238183498382568,
      6.236757755279541,
      6.240255832672119,
      6.245791435241699,
      6.255353927612305,
      6.245936393737793,
      6.246227264404297,
      6.241452217102051,
      6.247461318969727,
      6.239903926849365,
      6.2515788078308105,
      6.2464070320129395,
      6.245236396789551,
      6.239901065826416,
      6.2384443283081055,
      6.2460618019104,
      6.2464094161987305,
      6.247391700744629,
      6.247422695159912,
      6.244165897369385,
      6.238690376281738,
      6.238454818725586,
      6.2458271980285645,
      6.245244026184082,
      6.238649845123291,
      6.246729373931885,
      6.248478889465332,
      6.246139049530029,
      6.243735313415527,
      6.241946220397949,
      6.238237380981445,
      6.2439045906066895,
      6.23996114730835,
      6.235650062561035,
      6.244261741638184,
      6.241934299468994,
      6.243306636810303,
      6.242377281188965,
      6.243884086608887,
      6.239523887634277,
      6.242386817932129,
      6.236332416534424,
      6.245458126068115,
      6.2464470863342285,
      6.2423248291015625,
      6.242482662200928,
      6.235731601715088,
      6.244624137878418,
      6.242608547210693,
      6.222405910491943,
      6.229503631591797,
      6.231598854064941,
      6.239901065826416,
      6.2291178703308105,
      6.230628490447998,
      6.233005046844482,
      6.226217269897461,
      6.234201431274414,
      6.235698699951172,
      6.214375019073486,
      6.220181465148926,
      6.2163987159729,
      6.2030510902404785,
      6.1965556144714355,
      6.203089237213135,
      6.184123516082764,
      6.1834540367126465,
      6.169909477233887,
      6.157083988189697,
      6.149628639221191,
      6.145122528076172,
      6.14866304397583,
      6.127181053161621,
      6.129140853881836,
      6.130568027496338,
      6.145791053771973,
      6.128668308258057,
      6.137438774108887,
      6.113312721252441,
      6.115349292755127,
      6.112870693206787,
      6.120424270629883,
      6.110457897186279,
      6.1246018409729,
      6.122804164886475,
      6.127309799194336,
      6.113550186157227,
      6.117633819580078,
      6.125732421875,
      6.130724906921387,
      6.131505012512207,
      6.1250762939453125,
      6.12654447555542,
      6.177796363830566,
      6.187641143798828,
      6.200079441070557,
      6.190804481506348,
      6.181640625,
      6.224941730499268,
      6.217235088348389,
      6.228235244750977,
      6.223730087280273,
      6.24420690536499,
      6.24272346496582,
      6.257014751434326,
      6.255542278289795,
