{"4": 0.79256, "5": 0.8164, "6": 0.83492, "7": 0.83844, "8": 0.8404, "9": 0.84092, "10": 0.8408, "11": 0.8408, "12": 0.8408, "13": 0.8408, "14": 0.8408, "15": 0.8408, "16": 0.8408, "17": 0.8408, "18": 0.8408, "19": 0.8408, "20": 0.8408, "21": 0.8408, "22": 0.8408, "23": 0.8408, "24": 0.8408, "25": 0.8408, "26": 0.8408, "27": 0.8408, "28": 0.8408, "29": 0.8408, "30": 0.8408, "31": 0.8408, "32": 0.8408}