{
  "(1, 4, 0, 1, 3, 4)": {
    "epe_nas": 161.35322213342772,
    "fisher": 0.009530188515782356,
    "grad_norm": 2.717458724975586,
    "grasp": 0.26910316944122314,
    "jacov": -929.0587597189467,
    "l2_norm": 78.53007507324219,
    "nwot": 309.33917256384206,
    "plain": 0.05715721473097801,
    "snip": 5.913302421569824,
    "synflow": 25.137532307520935,
    "zen": 24.577011108398438,
    "flops": 14.886592,
    "params": 0.101306
  },
  "(2, 0, 0, 3, 0, 0)": {
    "epe_nas": 308.1098840064846,
    "fisher": 0.008038283325731754,
    "grad_norm": 3.166325092315674,
    "grasp": -0.08646935224533081,
    "jacov": -33.0760182730218,
    "l2_norm": 129.6431121826172,
    "nwot": 380.89550384083356,
    "plain": 0.005000441335141659,
    "snip": 4.13966178894043,
    "synflow": 68.98974278266532,
    "zen": 152.75274658203125,
    "flops": 48.125632,
    "params": 0.344346
  },
  "(1, 2, 3, 3, 4, 3)": {
    "epe_nas": 360.7669508196708,
    "fisher": 1.8119895458221436,
    "grad_norm": 84.46601104736328,
    "grasp": 49.901123046875,
    "jacov": -32.303614794626654,
    "l2_norm": 231.74229431152344,
    "nwot": 396.6981777204364,
    "plain": -0.0026294877752661705,
    "snip": 140.72084045410156,
    "synflow": 65.31044366673541,
    "zen": 63.73260498046875,
    "flops": 58.140352,
    "params": 0.400346
  },
  "(1, 1, 4, 2, 1, 1)": {
    "epe_nas": 201.56335359178718,
    "fisher": 0.13220898807048798,
    "grad_norm": 8.002646446228027,
    "grasp": 1.2393178939819336,
    "jacov": -71.62911205051469,
    "l2_norm": 78.88676452636719,
    "nwot": 312.98374459677626,
    "plain": 0.027807030826807022,
    "snip": 21.197303771972656,
    "synflow": 14.807419943992462,
    "zen": 6.336283206939697,
    "flops": 45.053632,
    "params": 0.316346
  },
  "(3, 0, 4, 3, 3, 1)": {
    "epe_nas": 390.14467152443024,
    "fisher": 0.1534131020307541,
    "grad_norm": 19.869935989379883,
    "grasp": 9.46911907196045,
    "jacov": -32.56367488942018,
    "l2_norm": 180.43539428710938,
    "nwot": 394.90683106552757,
    "plain": 0.18834802508354187,
    "snip": 42.22046661376953,
    "synflow": 49.43815866661793,
    "zen": 50.64899444580078,
    "flops": 22.320832,
    "params": 0.157306
  },
  "(3, 4, 3, 2, 2, 3)": {
    "epe_nas": 371.85173508399413,
    "fisher": 11.871125221252441,
    "grad_norm": 167.5115203857422,
    "grasp": 131.8839111328125,
    "jacov": -32.306829414486046,
    "l2_norm": 282.9056701660156,
    "nwot": 412.3721399105736,
    "plain": 0.2221117913722992,
    "snip": 312.82720947265625,
    "synflow": 85.15814419695408,
    "zen": 105.7688980102539,
    "flops": 93.959872,
    "params": 0.643386
  },
  "(4, 3, 2, 1, 1, 3)": {
    "epe_nas": 377.8137231640372,
    "fisher": 2.543168783187866,
    "grad_norm": 102.92904663085938,
    "grasp": 519.8316650390625,
    "jacov": -32.28772010758328,
    "l2_norm": 180.83901977539062,
    "nwot": 396.8715218270296,
    "plain": 0.001714862883090973,
    "snip": 185.9137725830078,
    "synflow": 58.1706312180401,
    "zen": 65.49439239501953,
    "flops": 53.778112,
    "params": 0.372346
  },
  "(3, 1, 3, 1, 3, 4)": {
    "epe_nas": 494.3841215345733,
    "fisher": 2.9112915992736816,
    "grad_norm": 95.57434844970703,
    "grasp": 19.9188232421875,
    "jacov": -32.393042189206874,
    "l2_norm": 180.68075561523438,
    "nwot": 396.79919065221117,
    "plain": -0.25655069947242737,
    "snip": 149.1208953857422,
    "synflow": 52.20680412287397,
    "zen": 51.1783332824707,
    "flops": 22.320832,
    "params": 0.157306
  }
}