{
  "epe_nas": {
    "mean": 276.74335231986106,
    "stddev": 84.37753760993348
  },
  "fisher": {
    "mean": 0.6098526725545526,
    "stddev": 0.8500393532056655
  },
  "grad_norm": {
    "mean": 30.11659828821818,
    "stddev": 38.4312752039436
  },
  "grasp": {
    "mean": 16.694585621356964,
    "stddev": 23.481016499842195
  },
  "jacov": {
    "mean": -331.4794642621984,
    "stddev": 422.55248977353574
  },
  "l2_norm": {
    "mean": 146.63849385579428,
    "stddev": 63.69263840059024
  },
  "nwot": {
    "mean": 362.31095137503735,
    "stddev": 38.00822839204618
  },
  "plain": {
    "mean": 0.019842722763617832,
    "stddev": 0.02656855833052925
  },
  "snip": {
    "mean": 50.25793488820394,
    "stddev": 63.97103205275448
  },
  "synflow": {
    "mean": 53.14590625230722,
    "stddev": 19.861790264548294
  },
  "zen": {
    "mean": 80.35412089029948,
    "stddev": 53.63121531600318
  },
  "flops": {
    "mean": 40.384192000000006,
    "stddev": 18.487281366561174
  },
  "params": {
    "mean": 0.2819993333333333,
    "stddev": 0.12979871733658319
  }
}