{
  "n_trials_per_sampler": 100,
  "total_trials": 200,
  "quantization_types": [
    "Linear",
    "LinearInteger",
    "LinearMinifloatIEEE",
    "LinearLog",
    "LinearMinifloatDenorm",
    "LinearBinary",
    "LinearBlockFP",
    "LinearBlockLog"
  ],
  "samplers": {
    "RandomSampler": {
      "trial_accuracies": [
        0.5,
        0.5072,
        0.50164,
        0.53412,
        0.69372,
        0.6424,
        0.66856,
        0.50096,
        0.82596,
        0.50092,
        0.49788,
        0.5,
        0.5,
        0.50188,
        0.73236,
        0.50356,
        0.8528,
        0.49092,
        0.85528,
        0.77232,
        0.84888,
        0.5002,
        0.51984,
        0.50252,
        0.5,
        0.8554,
        0.67104,
        0.84276,
        0.85016,
        0.85564,
        0.8048,
        0.50624,
        0.8582,
        0.83072,
        0.5,
        0.50056,
        0.49924,
        0.84732,
        0.50852,
        0.78224,
        0.49108,
        0.55548,
        0.85468,
        0.50732,
        0.60308,
        0.50564,
        0.50512,
        0.66588,
        0.85484,
        0.5346,
        0.50872,
        0.49632,
        0.69744,
        0.7424,
        0.5102,
        0.8376,
        0.5054,
        0.85592,
        0.77824,
        0.64488,
        0.5,
        0.84884,
        0.84948,
        0.49936,
        0.8454,
        0.72072,
        0.85716,
        0.85756,
        0.51736,
        0.77784,
        0.7938,
        0.506,
        0.499,
        0.64128,
        0.50504,
        0.83404,
        0.6948,
        0.49984,
        0.84088,
        0.8506,
        0.81108,
        0.854,
        0.84588,
        0.50036,
        0.5046,
        0.54032,
        0.85284,
        0.7332,
        0.49636,
        0.67144,
        0.49864,
        0.59356,
        0.49912,
        0.5484,
        0.6996,
        0.8544,
        0.5086,
        0.7174,
        0.5034,
        0.58256
      ],
      "best_so_far": [
        0.5,
        0.5072,
        0.5072,
        0.53412,
        0.69372,
        0.69372,
        0.69372,
        0.69372,
        0.82596,
        0.82596,
        0.82596,
        0.82596,
        0.82596,
        0.82596,
        0.82596,
        0.82596,
        0.8528,
        0.8528,
        0.85528,
        0.85528,
        0.85528,
        0.85528,
        0.85528,
        0.85528,
        0.85528,
        0.8554,
        0.8554,
        0.8554,
        0.8554,
        0.85564,
        0.85564,
        0.85564,
        0.8582,
        0.8582,
        0.8582,
        0.8582,
        0.8582,
        0.8582,
        0.8582,
        0.8582,
        0.8582,
        0.8582,
        0.8582,
        0.8582,
        0.8582,
        0.8582,
        0.8582,
        0.8582,
        0.8582,
        0.8582,
        0.8582,
        0.8582,
        0.8582,
        0.8582,
        0.8582,
        0.8582,
        0.8582,
        0.8582,
        0.8582,
        0.8582,
        0.8582,
        0.8582,
        0.8582,
        0.8582,
        0.8582,
        0.8582,
        0.8582,
        0.8582,
        0.8582,
        0.8582,
        0.8582,
        0.8582,
        0.8582,
        0.8582,
        0.8582,
        0.8582,
        0.8582,
        0.8582,
        0.8582,
        0.8582,
        0.8582,
        0.8582,
        0.8582,
        0.8582,
        0.8582,
        0.8582,
        0.8582,
        0.8582,
        0.8582,
        0.8582,
        0.8582,
        0.8582,
        0.8582,
        0.8582,
        0.8582,
        0.8582,
        0.8582,
        0.8582,
        0.8582,
        0.8582
      ],
      "best_accuracy": 0.8582,
      "best_params": {
        "bert.encoder.layer.0.attention.self.query_type_idx": "2",
        "bert.encoder.layer.0.attention.self.query_mf_data_in_width": "8",
        "bert.encoder.layer.0.attention.self.query_mf_data_in_exp_width": "5",
        "bert.encoder.layer.0.attention.self.query_mf_weight_width": "16",
        "bert.encoder.layer.0.attention.self.query_mf_weight_exp_width": "4",
        "bert.encoder.layer.0.attention.self.key_type_idx": "2",
        "bert.encoder.layer.0.attention.self.key_mf_data_in_width": "32",
        "bert.encoder.layer.0.attention.self.key_mf_data_in_exp_width": "3",
        "bert.encoder.layer.0.attention.self.key_mf_weight_width": "32",
        "bert.encoder.layer.0.attention.self.key_mf_weight_exp_width": "3",
        "bert.encoder.layer.0.attention.self.value_type_idx": "0",
        "bert.encoder.layer.0.attention.output.dense_type_idx": "3",
        "bert.encoder.layer.0.attention.output.dense_log_data_in_width": "16",
        "bert.encoder.layer.0.attention.output.dense_log_weight_width": "16",
        "bert.encoder.layer.0.intermediate.dense_type_idx": "3",
        "bert.encoder.layer.0.intermediate.dense_log_data_in_width": "16",
        "bert.encoder.layer.0.intermediate.dense_log_weight_width": "32",
        "bert.encoder.layer.0.output.dense_type_idx": "1",
        "bert.encoder.layer.0.output.dense_data_in_width": "16",
        "bert.encoder.layer.0.output.dense_weight_width": "8",
        "bert.encoder.layer.0.output.dense_data_in_frac_width": "8",
        "bert.encoder.layer.0.output.dense_weight_frac_width": "2",
        "bert.encoder.layer.1.attention.self.query_type_idx": "1",
        "bert.encoder.layer.1.attention.self.query_data_in_width": "32",
        "bert.encoder.layer.1.attention.self.query_weight_width": "32",
        "bert.encoder.layer.1.attention.self.query_data_in_frac_width": "8",
        "bert.encoder.layer.1.attention.self.query_weight_frac_width": "2",
        "bert.encoder.layer.1.attention.self.key_type_idx": "3",
        "bert.encoder.layer.1.attention.self.key_log_data_in_width": "8",
        "bert.encoder.layer.1.attention.self.key_log_weight_width": "32",
        "bert.encoder.layer.1.attention.self.value_type_idx": "0",
        "bert.encoder.layer.1.attention.output.dense_type_idx": "1",
        "bert.encoder.layer.1.attention.output.dense_data_in_width": "8",
        "bert.encoder.layer.1.attention.output.dense_weight_width": "32",
        "bert.encoder.layer.1.attention.output.dense_data_in_frac_width": "2",
        "bert.encoder.layer.1.attention.output.dense_weight_frac_width": "2",
        "bert.encoder.layer.1.intermediate.dense_type_idx": "7",
        "bert.encoder.layer.1.intermediate.dense_blog_data_in_width": "8",
        "bert.encoder.layer.1.intermediate.dense_blog_data_in_exp_bias_width": "2",
        "bert.encoder.layer.1.intermediate.dense_blog_weight_width": "32",
        "bert.encoder.layer.1.intermediate.dense_blog_weight_exp_bias_width": "3",
        "bert.encoder.layer.1.intermediate.dense_blog_block_size": "8",
        "bert.encoder.layer.1.output.dense_type_idx": "2",
        "bert.encoder.layer.1.output.dense_mf_data_in_width": "8",
        "bert.encoder.layer.1.output.dense_mf_data_in_exp_width": "3",
        "bert.encoder.layer.1.output.dense_mf_weight_width": "16",
        "bert.encoder.layer.1.output.dense_mf_weight_exp_width": "4",
        "bert.pooler.dense_type_idx": "3",
        "bert.pooler.dense_log_data_in_width": "16",
        "bert.pooler.dense_log_weight_width": "8",
        "classifier_type_idx": "6",
        "classifier_bfp_data_in_width": "8",
        "classifier_bfp_data_in_exp_width": "3",
        "classifier_bfp_weight_width": "8",
        "classifier_bfp_weight_exp_width": "4",
        "classifier_bfp_block_size": "32"
      }
    },