{
  "n_trials": 100,
  "samplers": {
    "GridSampler": {
      "trial_accuracies": [
        0.86368,
        0.86352,
        0.85008,
        0.86624,
        0.86624,
        0.86392,
        0.86624,
        0.86796,
        0.845,
        0.85856,
        0.86368,
        0.86352,
        0.85008,
        0.86624,
        0.86624,
        0.86392,
        0.86624,
        0.86796,
        0.845,
        0.85856,
        0.86736,
        0.85008,
        0.86352,
        0.86664,
        0.85008,
        0.85644,
        0.87232,
        0.85868,
        0.86624,
        0.85532,
        0.86352,
        0.85796,
        0.85892,
        0.85892,
        0.86624,
        0.85856,
        0.85652,
        0.867,
        0.86624,
        0.86736,
        0.85868,
        0.85516,
        0.84016,
        0.85892,
        0.86624,
        0.86316,
        0.85964,
        0.86352,
        0.86736,
        0.84016,
        0.86624,
        0.85868,
        0.85644,
        0.83784,
        0.845,
        0.86392,
        0.86624,
        0.85516,
        0.84016,
        0.8482,
        0.85644,
        0.86796,
        0.85964,
        0.85796,
        0.845,
        0.86612,
        0.85964,
        0.83784,
        0.867,
        0.86316,
        0.86392,
        0.86316,
        0.85516,
        0.86736,
        0.867,
        0.86624,
        0.86612,
        0.85856,
        0.85008,
        0.8482,
        0.85532,
        0.86624,
        0.87232,
        0.83784,
        0.86316,
        0.86612,
        0.8482,
        0.85796,
        0.86352,
        0.86392,
        0.85856,
        0.85532,
        0.87232,
        0.86796,
        0.86624,
        0.85644,
        0.86796,
        0.86624,
        0.86612,
        0.86624
      ],
      "best_so_far": [
        0.86368,
        0.86368,
        0.86368,
        0.86624,
        0.86624,
        0.86624,
        0.86624,
        0.86796,
        0.86796,
        0.86796,
        0.86796,
        0.86796,
        0.86796,
        0.86796,
        0.86796,
        0.86796,
        0.86796,
        0.86796,
        0.86796,
        0.86796,
        0.86796,
        0.86796,
        0.86796,
        0.86796,
        0.86796,
        0.86796,
        0.87232,
        0.87232,
        0.87232,
        0.87232,
        0.87232,
        0.87232,
        0.87232,
        0.87232,
        0.87232,
        0.87232,
        0.87232,
        0.87232,
        0.87232,
        0.87232,
        0.87232,
        0.87232,
        0.87232,
        0.87232,
        0.87232,
        0.87232,
        0.87232,
        0.87232,
        0.87232,
        0.87232,
        0.87232,
        0.87232,
        0.87232,
        0.87232,
        0.87232,
        0.87232,
        0.87232,
        0.87232,
        0.87232,
        0.87232,
        0.87232,
        0.87232,
        0.87232,
        0.87232,
        0.87232,
        0.87232,
        0.87232,
        0.87232,
        0.87232,
        0.87232,
        0.87232,
        0.87232,
        0.87232,
        0.87232,
        0.87232,
        0.87232,
        0.87232,
        0.87232,
        0.87232,
        0.87232,
        0.87232,
        0.87232,
        0.87232,
        0.87232,
        0.87232,
        0.87232,
        0.87232,
        0.87232,
        0.87232,
        0.87232,
        0.87232,
        0.87232,
        0.87232,
        0.87232,
        0.87232,
        0.87232,
        0.87232,
        0.87232,
        0.87232,
        0.87232
      ],
      "best_accuracy": 0.87232,
      "best_params": {
        "num_layers": 0,
        "num_heads": 2,
        "hidden_size": 4,
        "intermediate_size": 2
      }
    },
    "RandomSampler": {
      "trial_accuracies": [
        0.85532,
        0.86736,
        0.85892,
        0.85868,
        0.85868,
        0.86736,
        0.8482,
        0.85856,
        0.84016,
        0.85644,
        0.85892,
        0.83784,
        0.85652,
        0.867,
        0.85856,
        0.87232,
        0.86664,
        0.85856,
        0.86796,
        0.8482,
        0.85856,
        0.83784,
        0.86736,
        0.83784,
        0.86352,
        0.86612,
        0.867,
        0.85856,
        0.85516,
        0.86612,
        0.85964,
        0.86624,
        0.867,
        0.86316,
        0.86736,
        0.85868,
        0.85868,
        0.85964,
        0.86624,
        0.84016,
        0.85964,
        0.85868,
        0.86352,
        0.86796,
        0.85644,
        0.867,
        0.86612,
        0.85868,
        0.85652,
        0.84016,
        0.85856,
        0.86612,
        0.85532,
        0.86624,
        0.845,
        0.85796,
        0.85964,
        0.87232,
        0.85008,
        0.84016,
        0.845,
        0.86664,
        0.85892,
        0.85796,
        0.86392,
        0.86736,
        0.85008,
        0.867,
        0.86664,
        0.86736,
        0.85868,
        0.85856,
        0.85964,
        0.85964,
        0.86664,
        0.86624,
        0.85516,
        0.85008,
        0.85796,
        0.84016,
        0.83784,
        0.85892,
        0.84016,
        0.86612,
        0.86664,
        0.86612,
        0.86796,
        0.86392,
        0.845,
        0.86796,
        0.86624,
        0.87232,
        0.85796,
        0.86624,
        0.85856,
        0.85868,
        0.8482,
        0.86316,
        0.85964,
        0.87232
      ],
      "best_so_far": [
        0.85532,
        0.86736,
        0.86736,
        0.86736,
        0.86736,
        0.86736,
        0.86736,
        0.86736,
        0.86736,
        0.86736,
        0.86736,
        0.86736,
        0.86736,
        0.86736,
        0.86736,
        0.87232,
        0.87232,
        0.87232,
        0.87232,
        0.87232,
        0.87232,
        0.87232,
        0.87232,
        0.87232,
        0.87232,
        0.87232,
        0.87232,
        0.87232,
        0.87232,
        0.87232,
        0.87232,
        0.87232,
        0.87232,
        0.87232,
        0.87232,
        0.87232,
        0.87232,
        0.87232,
        0.87232,
        0.87232,
        0.87232,
        0.87232,
        0.87232,
        0.87232,
        0.87232,
        0.87232,
        0.87232,
        0.87232,
        0.87232,
        0.87232,
        0.87232,
        0.87232,
        0.87232,
        0.87232,
        0.87232,
        0.87232,
        0.87232,
        0.87232,
        0.87232,
        0.87232,
        0.87232,
        0.87232,
        0.87232,
        0.87232,
        0.87232,
        0.87232,
        0.87232,
        0.87232,
        0.87232,
        0.87232,
        0.87232,
        0.87232,
        0.87232,
        0.87232,
        0.87232,
        0.87232,
        0.87232,
        0.87232,
        0.87232,
        0.87232,
        0.87232,
        0.87232,
        0.87232,
        0.87232,
        0.87232,
        0.87232,
        0.87232,
        0.87232,
        0.87232,
        0.87232,
        0.87232,
        0.87232,
        0.87232,
        0.87232,
        0.87232,
        0.87232,
        0.87232,
        0.87232,
        0.87232,
        0.87232
      ],
      "best_accuracy": 0.87232,
      "best_params": {
        "num_layers": 2,
        "num_heads": 2,
        "hidden_size": 4,
        "intermediate_size": 2
      }
    },