{
  "config": {
    "hidden_size": 128,
    "num_layers": 2,
    "num_heads": 4,
    "num_kv_heads": 2,
    "vocab_size": 512,
    "seq_len": 128,
    "batch_size": 8,
    "lr": 0.001,
    "num_samples": 1000,
    "device": "cuda",
    "dtype": "torch.float32"
  },
  "sdpa": {
    "losses": [
      6.261085510253906,
      6.2582926750183105,
      6.266801834106445,
      6.258862495422363,
      6.259743690490723,
      6.2631916999816895,
      6.273924350738525,
      6.262192726135254,
      6.274969100952148,
      6.253499507904053,
      6.267638206481934,
      6.275466442108154,
      6.272403717041016,
      6.255808353424072,
      6.266768932342529,
      6.273281574249268,
      6.272700786590576,
      6.264955520629883,
      6.262014389038086,
      6.260274887084961,
      6.262604713439941,
      6.270054817199707,
      6.258791923522949,
      6.253093719482422,
      6.270520210266113,
      6.246302604675293,
      6.2558488845825195,
      6.265054702758789,
      6.251332759857178,
      6.258722305297852,
      6.260960578918457,
      6.263104438781738,
      6.26686429977417,
      6.2495036125183105,
      6.2582011222839355,
      6.267751693725586,
      6.260775566101074,
      6.2546772956848145,
      6.2587361335754395,
      6.2586445808410645,
      6.263000011444092,
      6.256754398345947,
      6.264110565185547,
      6.2641096115112305,
      6.258033752441406,
      6.258617877960205,
      6.254657745361328,
      6.257218837738037,
      6.25333309173584,
      6.257432460784912,
      6.263513088226318,
      6.252805709838867,
      6.253555774688721,
      6.255985260009766,
      6.255626678466797,
      6.246232509613037,
      6.250185012817383,
      6.245842456817627,
      6.258248805999756,
      6.260461330413818,
      6.262136936187744,
      6.248554706573486,
      6.255781173706055,
      6.259620666503906,
      6.256845474243164,
      6.256399631500244,
      6.258412837982178,
      6.247531414031982,
      6.257152557373047,
      6.249038219451904,
      6.249352931976318,
      6.251262664794922,
      6.251013278961182,
      6.250887870788574,
      6.249739170074463,
      6.254232883453369,
      6.252501964569092,
      6.250189304351807,
      6.255781650543213,
      6.248299598693848,
      6.263233184814453,
      6.253267765045166,
      6.255749225616455,
      6.249549865722656,
      6.260991096496582,
      6.24632453918457,
      6.257035255432129,
      6.250968933105469,
      6.249556064605713,
      6.241347789764404,
      6.245023727416992,
      6.2527594566345215,
      6.252867698669434,
      6.257532596588135,
      6.254370212554932,
      6.254836082458496,
      6.24451208114624,
      6.242698669433594,
      6.252140045166016,
      6.2515106201171875,
      6.246513366699219,
      6.253243446350098,
      6.253290176391602,
      6.24992036819458,
      6.254507541656494,
      6.246675491333008,
      6.2508134841918945,
      6.253093242645264,
      6.246408939361572,
      6.241649627685547,
      6.249638080596924,
      6.2472662925720215,
      6.2515411376953125,
      6.24905252456665,
      6.248709678649902,
      6.246376037597656,
      6.251445293426514,
      6.244195461273193,
      6.250072479248047,
      6.251462936401367,
      6.248271465301514,
      6.248338222503662,
      6.240426063537598,
      6.250601291656494,
      6.249571800231934
    ],
    "time_seconds": 2.694765090942383,
    "start_loss": 6.261085510253906,
    "final_loss": 6.249571800231934,
    "learned": true
  },
  "flex": {
    "losses": [
      6.261085510253906,
      6.258293151855469,
      6.266801357269287,
      6.258862495422363,
      6.259743690490723,
      6.263190746307373,
      6.273924350738525,
      6.262193202972412,
      6.274969577789307,
      6.253499507904053,
      6.267638683319092,
      6.275466442108154,
      6.272404193878174,
      6.255808353424072,
      6.266768932342529,
      6.273281097412109,
      6.272700309753418,
      6.264955520629883,
      6.262013912200928,
      6.260274887084961,
      6.262604713439941,
      6.270054817199707,
      6.258791923522949,
      6.25309419631958,
      6.270520210266113,
      6.246303081512451,
      6.255848407745361,
      6.265055179595947,
      6.251332759857178,
      6.25872278213501,
      6.260960578918457,
      6.2631049156188965,
      6.266863822937012,
      6.2495036125183105,
      6.2582011222839355,
      6.267751693725586,
      6.260775566101074,
      6.2546772956848145,
      6.2587361335754395,
      6.2586445808410645,
      6.263000011444092,
      6.256754398345947,
      6.264111042022705,
      6.2641096115112305,
      6.258033752441406,
      6.258617877960205,
      6.254657745361328,
      6.257218837738037,
      6.25333309173584,
      6.257432460784912,
      6.263513565063477,
      6.252805709838867,
      6.2535552978515625,
      6.255985260009766,
      6.255626678466797,
      6.246232509613037,
      6.250185012817383,
      6.245842456817627,
      6.258248805999756,
      6.260461330413818,
      6.262136936187744,
      6.248554706573486,
      6.2557806968688965,
      6.259620666503906,
      6.256845474243164,
      6.256399631500244,
      6.258412837982178,
      6.247530937194824,
      6.257152557373047,
      6.249038219451904,
      6.249352931976318,
      6.2512640953063965,
      6.251014232635498,
      6.250887870788574,
      6.249739170074463,
      6.254232883453369,
      6.25250244140625,
      6.250189304351807,
      6.255781650543213,
      6.248299598693848,
      6.263233184814453,
      6.253267765045166,
      6.255749225616455,
      6.24954891204834,
      6.260992050170898,
      6.24632453918457,
      6.257035255432129,
      6.250968933105469,
      6.249556064605713,
      6.241347312927246,
      6.245023727416992,
      6.2527594566345215,
      6.252866744995117,
      6.257532596588135,
      6.254370212554932,
      6.254836082458496,
      6.24451208114624,
      6.242698669433594,
      6.252140045166016,
      6.2515106201171875,
      6.246513366699219,
      6.253243446350098,
      6.253290176391602,
      6.24992036819458,
      6.254507541656494,
      6.246675491333008,
      6.2508134841918945,
      6.253093242645264,
      6.246408939361572,
      6.241650104522705,
      6.249638080596924,
      6.2472662925720215,
      6.2515411376953125,
      6.24905252456665,
      6.248709678649902,
      6.2463765144348145,
      6.251445770263672,
      6.244195461273193,
      6.250072479248047,
      6.251462936401367,
      6.2482709884643555,
      6.248338222503662,
      6.2404255867004395,
      6.250601291656494,
      6.249572277069092
    ],
    "time_seconds": 57.00628161430359,
    "start_loss": 6.261085510253906,
    "final_loss": 6.249572277069092,
    "learned": true
  },
  "comparison": {
    "max_loss_diff": 1.430511474609375e-06,
    "mean_loss_diff": 1.6021728515625e-07,
    "both_learned": true
  }
}