{
  "sparsity_levels": [
    0.1,
    0.2,
    0.3,
    0.4,
    0.5,
    0.6,
    0.7,
    0.8,
    0.9
  ],
  "baseline_accuracy": 0.83504,
  "random": [
    0.82004,
    0.79612,
    0.76256,
    0.60272,
    0.51492,
    0.50516,
    0.49896,
    0.4988,
    0.50492
  ],
  "l1_norm": [
    0.84088,
    0.83656,
    0.8322,
    0.82628,
    0.81508,
    0.80232,
    0.75352,
    0.60732,
    0.53628
  ]
}