{
  "sparsity_levels": [
    0.3,
    0.5,
    0.7
  ],
  "baseline_accuracy": 0.83504,
  "random": [
    0.76764,
    0.51492,
    0.49896
  ],
  "l1_norm": [
    0.8322,
    0.81508,
    0.75352
  ]
}