{
  "bit_widths": [
    4,
    6,
    8,
    12,
    16,
    24,
    32
  ],
  "ptq_accuracies": [
    0.5,
    0.68936,
    0.73324,
    0.80884,
    0.81368,
    0.81408,
    0.81392
  ],
  "qat_accuracies": [
    0.5,
    0.82332,
    0.83276,
    0.83472,
    0.83504,
    0.8346,
    0.83464
  ],
  "fp32_baseline": 0.81396
}